host,min,max,avg,sum
'host1.com',60.98,9977.0,5460.153809523808,343989.68999999994
'host2.com',29.94,9951.35,4805.482031250001,307550.85000000003
'host3.com',112.57,8827.75,4266.324255319148,200517.23999999993
'host4.com',125.95,9944.11,5567.3765625,356312.1
